{"cameraMode":{"drawMode":0,"name":"Shaded","section":"Shading Mode"},"sceneLighting":false,"audioPlay":false,"sceneViewState":{"showFog":true,"showMaterialUpdate":false,"showSkybox":false,"showFlares":true,"showImageEffects":true,"showParticleSystems":true},"in2DMode":false,"pivot":{"x":7.320000171661377,"y":-1.9670000076293946,"z":23.989999771118165},"rotation":{"x":-0.19059160351753236,"y":-0.4489862322807312,"z":0.09863952547311783,"w":-0.8673856258392334},"size":0.1961408257484436,"orthographic":false}